iter	Passed	Remaining
0	52	51988
1	74	36987
2	107	355673	130	32384
44	155	309705	194	32152
6	215	30620
77	249	3089888	273	301199	300	29771
110	343	30904111	380	31336112	432	32828
13	463	32648
14	480	31579
15	500	30776
16	519	30063117	537	29349118	558	28827119	580	28463220	603	28111221	619	27547222	635	26995223	651	26506224	669	26104225	684	25642226	700	25231227	717	2489828	743	24907
29	764	24714
30	784	24509
31	804	24336
32	834	24450
33	857	24368
34	880	24283
35	893	23924
36	904	23532
337	914	23148338	928	22869339	941	22598440	961	22482441	983	22429
42	995	22158
43	1009	21934
44	1022	21697
45	1035	21485
46	1050	21303
47	1062	21080
48	1079	20956
49	1099	20881
50	1115	20761
51	1128	20570
52	1141	20389
53	1154	20231
54	1169	20093
55	1182	19925
56	1191	19717
57	1207	19606
58	1220	19457
59	1231	19290
60	1239	19083
61	1249	18901
62	1265	18816
63	1276	18663
64	1285	18488
65	1298	18377
66	1308	18217
67	1320	18096
68	1331	17969
69	1341	17825
70	1350	17676
71	1362	17565
72	1372	17428
73	1383	17314
74	1393	17190
75	1405	17086
76	1418	17005
77	1433	16941
78	1449	16902
79	1460	16799
80	1470	16685
81	1480	16572
82	1489	16458
83	1499	16349
84	1507	16230
85	1517	16131
86	1529	16050
87	1540	15962
88	1549	15860
89	1559	15773
90	1570	15689
91	1581	15605
92	1591	15520
93	1600	15428
94	1610	15341
95	1618	15249696	1629	15169797	1638	15079898	1646	14989999	1656	149010100	1665	148210101	1674	147410102	1683	146510103	1694	145910104	1704	145210105	1713	144510106	1723	143810107	1732	143010108	1741	142310109	1752	141711110	1761	141111111	1773	140511112	1782	139911113	1795	139511114	1802	138611115	1809	137911116	1818	137211117	1827	136511118	1836	135911119	1846	135312120	1856	134812121	1866	134312122	1874	133612123	1884	133112124	1893	132512125	1902	131912126	1911	131312127	1919	130712128	1928	130212129	1936	129513130	1945	129013131	1953	128413132	1961	1278133	1975	12765
134	1995	12784
135	2003	12729
136	2012	12674
137	2019	12617
138	2027	12561
139	2035	12503
140	2043	12449
141	2052	12401
142	2060	12347
143	2068	12295
144	2077	12247
145	2085	12196
146	2096	12164
147	2106	12124
148	2114	12076
149	2123	12030
150	2130	11981
151	2140	11944
152	2150	11905
153	2159	11864
154	2168	11819
155	2176	11775
156	2185	11735
157	2194	11697
158	2205	11663
159	2213	11621
160	2223	11585
161	2233	11554
162	2242	11516
163	2251	11475
164	2260	11440
165	2269	11402
166	2277	11358
167	2286	11323
168	2294	11284
169	2303	11248
170	2311	11207
171	2320	11171
172	2330	11139
173	2339	11105
174	2347	11067
175	2356	11030
176	2363	10991
177	2373	10958
178	2381	10924
179	2390	10892
180	2399	10858
181	2407	10822
182	2416	10788
183	2424	10752
184	2432	10716
185	2441	10685
186	2451	10658
187	2458	10620
188	2467	10588
189	2474	10550
190	2483	10518
191	2491	10486
192	2499	10452
193	2508	10420
194	2517	10391
195	2524	10356
196	2532	10324
197	2541	10296
198	2550	10264
199	2557	10230
200	2565	10199
201	2573	10167
202	2582	10137
203	2590	10107
204	2600	10083
205	2608	10053
206	2616	10024
207	2624	9991
208	2633	9968
209	2642	9939
210	2650	9911
211	2658	9880
212	2668	9860
213	2677	9834
214	2685	9804
215	2692	9774
216	2701	9747
217	2709	9718
218	2717	9691
219	2725	9663
220	2733	9635
221	2742	9610
222	2750	9583
223	2758	9555
224	2766	9530
225	2774	9502
226	2783	9477
227	2793	9459
228	2801	9433
229	2810	9409
230	2819	9386
231	2827	9361
232	2835	9334
233	2844	9311
234	2853	9288
235	2861	9263
236	2868	9235
237	2876	9210
238	2884	9184
239	2893	9162
240	2902	9139
241	2909	9113
242	2917	9090
243	2925	9064
244	2933	9040
245	2941	9016
246	2949	8992
247	2959	8972
248	2967	8948
249	2976	8929
250	2984	8906
251	2993	8884
252	3001	8861
253	3011	8844
254	3019	8822
255	3028	8802
256	3037	8780
257	3046	8761
258	3054	8738
259	3062	8717
260	3070	8694
261	3080	8675
2262	3084	86422263	3092	86212264	3101	86012265	3111	85842266	3119	85632267	3129	85472268	3138	85292269	3146	85082270	3156	84912271	3166	84732272	3174	84532273	3184	84382274	3193	84202275	3204	84052276	3214	83892277	3223	83722278	3234	83582279	3243	83392280	3253	83242281	3262	83062282	3273	8294
283	3283	8278
284	3292	8260
285	3301	8243
286	3310	8223
287	3319	8206
288	3330	8192
289	3340	8178
290	3349	8160
291	3358	8143
292	3370	8133
293	3381	8119
294	3391	8104
295	3401	8089
296	3409	8070
297	3419	8054
298	3428	8037
299	3437	8021
300	3447	8005
301	3456	7988
302	3470	7983
303	3481	7969
304	3489	7951
305	3499	7936
306	3508	7920
307	3518	7905
308	3528	7890
309	3538	7875
310	3546	7857
311	3555	7839
312	3565	7825
313	3573	7806
314	3582	7789
315	3591	7773
316	3601	7758
317	3610	7743
318	3618	7724
319	3627	7708
320	3636	7691
321	3644	7672
322	3652	7655
323	3662	7640
324	3671	7624
325	3680	7609
326	3689	7593
327	3699	7578
328	3707	7562
329	3717	7547
330	3726	7532
331	3735	7516
332	3745	7502
333	3754	7485
334	3763	7471
335	3771	7454
336	3782	7440
337	3791	7426
338	3799	7408
339	3808	7392
340	3816	7376
341	3827	7363
342	3836	7348
343	3845	7332
344	3853	7316
345	3863	7302
346	3873	7288
347	3881	7273
348	3889	7256
349	3898	7240
350	3906	7223
351	3915	7207
352	3925	7193
353	3934	7180
354	3943	7164
355	3952	7149
356	3961	7135
357	3970	7121
358	3980	7107
359	3989	7092
360	3997	7075
361	4006	7060
362	4015	7046
363	4026	7034
364	4034	7019
365	4043	7004
366	4052	6990
367	4061	6975
368	4071	6961
369	4080	6948
370	4090	6935
371	4100	6921
372	4108	6906
373	4117	6891
374	4126	6878
375	4134	6862
376	4144	6848
377	4154	6835
378	4165	6824
379	4174	6810
380	4182	6795
381	4192	6781
382	4201	6768
383	4210	6754
384	4219	6740
385	4228	6725
386	4236	6710
387	4245	6696
388	4254	6682
389	4263	6668
390	4272	6655
391	4281	6641
392	4291	6628
393	4299	6613
394	4307	6598
395	4317	6585
396	4326	6571
397	4335	6557
398	4353	6557
399	4361	6542
400	4369	6527
401	4377	6511
402	4385	6496
403	4393	6481
404	4403	6469
405	4411	6454
406	4421	6442
407	4429	6427
408	4439	6414
409	4447	6400
410	4457	6388
411	4468	6376
412	4478	6364
413	4487	6351
414	4495	6337
415	4504	6323
416	4513	6310
417	4522	6297
418	4532	6284
419	4541	6271
420	4551	6259
421	4560	6246
422	4570	6234
423	4579	6220
424	4588	6207
425	4597	6194
426	4607	6182
427	4615	6168
428	4624	6155
429	4633	6141
430	4640	6126
431	4651	6115
432	4661	6104
433	4671	6092
434	4678	6077
435	4688	6064
436	4697	6051
437	4706	6039
438	4716	6026
439	4724	6012
440	4733	6000
441	4743	5988
442	4753	5977
443	4761	5963
444	4771	5951
445	4782	5940
446	4790	5926
447	4798	5912
448	4808	5900
449	4818	5888
450	4827	5876
451	4835	5862
452	4844	5850
453	4854	5838
454	4863	5825
455	4870	5810
456	4881	5799
457	4891	5788
458	4900	5775
459	4909	5763
460	4918	5750
461	4928	5738
462	4937	5726
463	4946	5713
464	4955	5701
465	4966	5690
466	4974	5677
467	4983	5664
468	4991	5650
469	4999	5637
470	5008	5625
471	5018	5613
472	5026	5599
473	5035	5587
474	5045	5576
475	5055	5565
476	5063	5552
477	5071	5538
478	5081	5526
479	5090	5514
480	5098	5501
481	5111	5493
482	5120	5480
483	5129	5468
484	5139	5457
485	5151	5448
486	5164	5440
487	5172	5427
488	5182	5415
489	5191	5403
490	5201	5392
491	5211	5381
492	5220	5369
493	5228	5355
494	5237	5343
495	5246	5331
496	5256	5319
497	5265	5307
498	5274	5295
499	5283	5283
500	5293	5272
501	5303	5261
502	5312	5248
503	5320	5236
504	5329	5223
505	5337	5210
506	5347	5200
507	5357	5188
508	5365	5176
509	5375	5164
510	5384	5152
511	5394	5141
512	5404	5130
513	5413	5118
514	5423	5107
515	5431	5094
516	5440	5082
517	5451	5072
518	5460	5060
519	5468	5047
520	5478	5036
521	5486	5024
522	5494	5011
523	5503	4999
524	5512	4987
525	5520	4974
526	5529	4963
527	5538	4951
528	5547	4938
529	5556	4927
530	5564	4914
531	5573	4903
532	5582	4890
533	5590	4878
534	5600	4867
535	5607	4854
536	5616	4842
537	5624	4830
538	5633	4818
539	5642	4806
540	5651	4794
541	5660	4783
542	5669	4771
543	5678	4760
544	5688	4749
545	5698	4738
546	5705	4725
547	5713	4712
548	5721	4700
549	5730	4688
550	5739	4677
551	5748	4665
552	5755	4652
553	5764	4640
554	5773	4629
555	5781	4616
556	5789	4604
557	5799	4594
558	5808	4582
559	5816	4570
560	5824	4557
561	5831	4545
562	5841	4533
563	5850	4522
564	5858	4510
565	5866	4498
566	5874	4486
567	5883	4474
568	5890	4462
569	5899	4450
570	5908	4438
571	5916	4426
572	5925	4415
573	5934	4404
574	5944	4393
575	5953	4382
576	5961	4370
577	5970	4358
578	5979	4347
579	5989	4337
580	5999	4326
581	6010	4316
582	6022	4307
583	6034	4298
584	6043	4287
585	6052	4276
586	6063	4265
587	6073	4255
588	6083	4244
589	6093	4234
590	6103	4224
591	6112	4212
592	6121	4201
593	6130	4190
594	6141	4180
595	6152	4170
596	6164	4161
597	6172	4149
598	6184	4139
599	6194	4129
600	6204	4119
601	6214	4108
602	6225	4098
603	6234	4087
604	6244	4076
605	6253	4065
606	6263	4055
607	6273	4044
608	6283	4033
609	6294	4024
610	6303	4013
611	6313	4002
612	6323	3992
613	6332	3981
614	6342	3970
615	6352	3959
616	6363	3949
617	6373	3939
618	6384	3929
619	6395	3919
620	6405	3909
621	6416	3899
622	6426	3888
623	6441	3881
624	6452	3871
625	6460	3860
626	6469	3848
627	6478	3837
628	6488	3827
629	6497	3816
630	6505	3804
631	6513	3792
632	6523	3782
633	6533	3771
634	6542	3760
635	6552	3750
636	6563	3740
637	6572	3729
638	6582	3718
639	6592	3708
640	6601	3696
641	6611	3686
642	6619	3675
643	6629	3664
644	6638	3653
645	6647	3643
646	6659	3633
647	6670	3623
648	6681	3613
649	6692	3603
650	6701	3592
651	6710	3581
652	6720	3571
653	6730	3560
654	6739	3549
655	6748	3538
656	6759	3528
657	6768	3517
658	6775	3506
659	6784	3495
660	6792	3483
661	6800	3472
662	6809	3461
663	6817	3449
664	6825	3438
665	6833	3427
666	6842	3416
667	6850	3404
668	6859	3393
669	6867	3382
670	6875	3371
671	6885	3360
672	6892	3348
673	6900	3337
674	6909	3326
675	6917	3315
676	6925	3304
677	6934	3293
678	6942	3281
679	6950	3271
680	6958	3259
681	6967	3248
682	6976	3237
683	6983	3226
684	6992	3215
685	7001	3204
686	7009	3193
687	7018	3182
688	7027	3172
689	7035	3160
690	7043	3149
691	7051	3138
692	7059	3127
693	7067	3116
694	7076	3105
695	7085	3094
696	7093	3083
697	7102	3073
698	7109	3061
699	7118	3050
700	7128	3040
701	7136	3029
702	7144	3018
703	7152	3007
704	7162	2996
705	7170	2986
706	7179	2975
707	7187	2964
708	7195	2953
709	7204	2942
710	7212	2931
711	7221	2921
712	7230	2910
713	7238	2899
714	7245	2888
715	7254	2877
716	7262	2866
717	7270	2855
718	7279	2845
719	7287	2834
720	7295	2823
721	7303	2812
722	7313	2801
723	7321	2790
724	7329	2780
725	7337	2769
726	7346	2758
727	7355	2748
728	7363	2737
729	7372	2726
730	7380	2716
731	7388	2705
732	7397	2694
733	7405	2683
734	7414	2673
735	7422	2662
736	7431	2651
737	7440	2641
738	7450	2631
739	7458	2620
740	7468	2610
741	7477	2600
742	7496	2592
743	7510	2584
744	7522	2574
745	7534	2565
746	7545	2555
747	7555	2545
748	7569	2536
749	7581	2527
750	7590	2516
751	7600	2506
752	7609	2496
753	7620	2486
754	7631	2476
755	7640	2466
756	7650	2455
757	7662	2446
758	7672	2436
759	7682	2426
760	7692	2415
761	7708	2407
762	7721	2398
763	7732	2388
764	7742	2378
765	7752	2368
766	7766	2359
767	7777	2349
768	7789	2340
769	7800	2330
770	7812	2320
771	7823	2310
772	7833	2300
773	7844	2290
774	7855	2280
775	7866	2270
776	7878	2261
777	7888	2250
778	7898	2240
779	7910	2231
780	7921	2221
781	7931	2210
782	7941	2201
783	7953	2191
784	7975	2184
785	7986	2174
786	7997	2164
787	8008	2154
788	8020	2144
789	8030	2134
790	8044	2125
791	8056	2115
792	8070	2106
793	8080	2096
794	8092	2086
795	8104	2076
796	8114	2066
797	8126	2057
798	8139	2047
799	8151	2037
800	8163	2028
801	8177	2018
802	8188	2008
803	8199	1998
804	8210	1988
805	8221	1978
806	8230	1968
807	8240	1958
808	8252	1948
809	8263	1938
810	8274	1928
811	8285	1918
812	8294	1907
813	8306	1897
814	8317	1888
815	8327	1877
816	8338	1867
817	8348	1857
818	8359	1847
819	8370	1837
820	8382	1827
821	8392	1817
822	8403	1807
823	8414	1797
824	8423	1786
825	8433	1776
826	8443	1766
827	8454	1756
828	8465	1746
829	8473	1735
830	8483	1725
831	8493	1714
832	8504	1704
833	8515	1695
834	8525	1684
835	8536	1674
836	8546	1664
837	8558	1654
838	8572	1645
839	8583	1635
840	8594	1624
841	8604	1614
842	8614	1604
843	8623	1593
844	8635	1584
845	8647	1574
846	8658	1564
847	8669	1554
848	8680	1543
849	8689	1533
850	8701	1523
851	8712	1513
852	8720	1502
853	8731	1492
854	8741	1482
855	8752	1472
856	8762	1462
857	8772	1451
858	8782	1441
859	8792	1431
860	8803	1421
861	8814	1411
862	8822	1400
863	8833	1390
864	8844	1380
865	8855	1370
866	8866	1360
867	8877	1349
868	8886	1339
869	8898	1329
870	8908	1319
871	8918	1309
872	8929	1299
873	8941	1288
874	8952	1278
875	8964	1268
876	8975	1258
877	8984	1248
878	8994	1238
879	9006	1228
880	9016	1217
881	9026	1207
882	9036	1197
883	9046	1187
884	9058	1177
885	9067	1166
886	9079	1156
887	9089	1146
888	9099	1136
889	9110	1125
890	9120	1115
891	9130	1105
892	9141	1095
893	9152	1085
894	9163	1075
895	9175	1065
896	9191	1055
897	9203	1045
898	9213	1035
899	9227	1025
900	9240	1015
901	9256	1005
902	9269	995
903	9281	985
904	9294	975
905	9306	965
906	9320	955
907	9337	946
908	9352	936
909	9365	926
910	9378	916
911	9394	906
912	9408	896
913	9422	886
914	9434	876
915	9448	866
916	9467	856
917	9481	846
918	9496	837
919	9509	826
920	9525	817
921	9538	806
922	9552	796
923	9565	786
924	9576	776
925	9588	766
926	9601	756
927	9612	745
928	9623	735
929	9634	725
930	9647	714
931	9660	704
932	9675	694
933	9687	684
934	9700	674
935	9712	664
936	9725	653
937	9739	643
938	9755	633
939	9769	623
940	9785	613
941	9800	603
942	9812	593
943	9824	582
944	9838	572
945	9853	562
946	9868	552
947	9883	542
948	9898	531
949	9913	521
950	9927	511
951	9941	501
952	9956	491
953	9977	481
954	9992	470
955	10004	460
956	10020	450
957	10036	440
958	10052	429
959	10065	419
960	10078	409
961	10091	398
962	10107	388
963	10122	378
964	10135	367
965	10151	357
966	10163	346
967	10176	336
968	10190	326
969	10202	315
970	10224	305
971	10242	295
972	10261	284
973	10280	274
974	10297	264
975	10312	253
976	10327	243
977	10344	232
978	10364	222
979	10385	211
980	10398	201
981	10412	190
982	10429	180
983	10449	169
984	10471	159
985	10487	148
986	10499	138
987	10515	127
988	10532	117
989	10562	106
990	10589	96
991	10604	85
992	10621	74
993	10643	64
994	10667	53
995	10687	42
996	10696	32
997	10708	21
998	10718	10
999	10731	0
                                                                                                                                                                                                                                                                                                                                                                                                                                                                                                                                                                                                                                                                                                       952	36136	1782
953	36177	1744
954	36262	1708
955	36300	1670
956	36346	1633
957	36377	1594
958	36401	1556
959	36423	1517
960	36442	1478
961	36474	1440
962	36490	1402
963	36507	1363
964	36527	1324
965	36553	1286
966	36581	1248
967	36601	1209
968	36627	1171
969	36643	1133
970	36673	1095
971	36692	1056
972	36711	1018
973	36732	980
974	36749	942
975	36768	904
976	36784	865
977	36799	827
978	36815	789
979	36832	751
980	36849	713
981	36880	676
982	36902	638
983	36919	600
984	36940	562
985	36958	524
986	36999	487
987	37020	449
988	37032	411
989	37045	374
990	37059	336
991	37071	298
992	37083	261
993	37097	223
994	37112	186
995	37127	149
996	37141	111
997	37155	74
998	37171	37
999	37185	0
